"Excelente! Depois, confere certinho se ele conseguiu acessar.   Qualquer ajuda que precisar, pode me chamar aqui."
"Mensagem a) Você acabou de ganhar o direito de presentear aquele seu amigo(a) que também ama  viajar...   Agora, você pode adicionar ele(a) de graça no Buscador.   E ele vai ter acesso às melhores passagens por causa de você!   Mensagem B) Para adicionar seu amigo de graça, é bem simples.   1) Você vai tocar no botão abaixo, e vai encaminhar a mensagem pronta pra ele(a).   2) Ele vai responder um formulário rápido   3) Por último, basta ele criar a conta no Buscador Automático para ter acesso às passagens mais baratas.   Mensagem c) Toque no botão abaixo e mande seu presente agora:   BOTÃO: ENVIAR PRESENTE "
"Deu tudo certo? Conseguiu enviar o presente para o seu amigo?   BOTÃO: SIM BOTÃO: Preciso de ajuda"
"Aguarde 5 min e depois continue"
"{{first_name}}, agora sim, está tudo pronto para você começar a usar o Buscador Automático...   PRESENTE GRATUITO: Por ter completado o seu perfil, você acaba de ganhar um presente exclusivo!   BOTÃO: RESGATAR MEU PRESENTE"
"Mensagem a) Você acabou de ganhar o direito de presentear aquele seu amigo(a) que também ama  viajar...   Agora, você pode adicionar ele(a) de graça no Buscador.   E ele vai ter acesso às melhores passagens por causa de você!   Mensagem B) Para adicionar seu amigo de graça, é bem simples.   1) Você vai tocar no botão abaixo, e vai encaminhar a mensagem pronta pra ele(a).   2) Ele vai responder um formulário rápido   3) Por último, basta ele criar a conta no Buscador Automático para ter acesso às passagens mais baratas.   Mensagem c) Toque no botão abaixo e mande seu presente agora:   BOTÃO: ENVIAR PRESENTE "
"(Push) status do lead = E2"
"Status está ""E2 - Completo"""
"Você acaba de receber um presente exclusivo!    Agora, você tem direito a adicionar uma pessoa no Buscador Automático de graça.   Você tem algum amigo(a) que gosta de viajar?   BOTÃO: SIM"
"Aguarde 1 hora e depois continue"
"(Push) status do lead = E1"
"Status está ""E1 - Acessou, sem cadastro"""
"Aguarde 5 min e depois continue"
"Template a: {{first_name}}, vi que você ainda não completou seu perfil... e por isso, você não conseguiu acessar o Buscador.  Essa etapa é mais simples do que parece, e é importante para você ter acesso as passagens baratas que o Buscador mostra.   Te prometo que é bem rápido!   Template b: Consegue terminar agora de responder rapidinho as perguntas para você finalmente ver as passagens que você precisa com desconto?   BOTÃO A: COMPLETAR MEU PERFIL"
"Perfeito, {{first_name}} 😊  Para acessar o Buscador, você vai utilizar seu email de compra e criar a sua senha, beleza?   Seu email de compra: {{email_compra}}   Toque no botão abaixo para acessar o Buscador Automático agora.   BOTÃO: ACESSAR BUSCADOR"
"Status está ""E1 - Acessou, sem cadastro"""
"Aguarde 1 hora e depois continue"
"Você está com uma pendência...   Olá, {{first_name}},! Tudo bem? Sou a {{nome_IA}} da plataforma Buscador  Automático✨  Vi que você já criou sua conta no Buscador Automáitco.  Agora precisamos que você complete os dados do seu perfil para liberar o acesso completo ao Buscador.  👉 Consegue fazer isso agora? Basta tocar no botão abaixo   BOTÃO: APROVAR MEU PERFIL"
"Status está ""E1 - Acessou, sem cadastro"""
"Aguarde 12 horas e depois continue"
"⚠️ Ação Necessária: Finalize o cadastro do seu perfil de viagens no Buscador Automático.   Falta pouco {{first_name}} pra você ver as melhores passagens com desconto em apenas 3 cliques.   Acesse o Buscador e responda agora algumas perguntinhas rápidas.   Tem muita passagem boa te esperando...   BOTÃO A: ACESSAR BUSCADOR BOTÃO B: Quero ajuda"
"Status está ""E0 - Não acessou"""
"Aguarde 5 min e depois continue"
"{{first_name}}, vi que você ainda não chegou a acessar o Buscador Automático...    É importante você acessar agora, porque passagem boa não espera, e você pode perder uma boa oportunidade de emissão.   É bem simples, para fazer o login, você vai colocar:   Seu email de compra: {{email_compra}}   E depois, criar sua senha.  Basta tocar no botão abaixo, e fazer seu primeiro acesso:   BOTÃO A: ACESSAR BUSCADOR BOTÃO B: Quero ajuda"
"Status está ""E0 - Não acessou"""
"Aguarde 1 hora e depois continue"
"{{first_name}}, acabei de verificar aqui, e vi que você ainda não chegou acessou...   Aconteceu alguma coisa?   Se precisar de ajuda, me chama aqui!"
"Confirmação de acesso   Olá {primeiro nome},  Sua compra foi confirmada.  Para acessar o Buscador Automático, basta tocar em “Continuar” e seguir as instruções.   RODAPÉ: Passo necessário para acessar    BOTÃO: Continuar "
"Status está ""E0 - Não acessou"""
"Aguarde 12 horas e depois continue"
"{{first_name}}, estou preocupado com você!   Já faz muito tempo que você, comprou o Buscador Automático, mas ainda nem chegou a acessar.   Você desistiu de olhar passagem com desconto?"
"Status está ""E0 - Não acessou"""
"Aguarde 24 Horas e depois continue"
"E não interagiu com a mensagem"
"Alerta: Seu acesso pode expirar!   {{first_name}}, estou passando aqui pra te avisar que seu acesso ao Buscador Automático pode expirar se você não criar a sua conta agora.   É bem simples e rápido.   Para fazer seu primeiro acesso e criar a sua conta no Buscador Automático, basta tocar em “Continuar” e seguir as instruções.   RODAPÉ: Passo necessário para acessar    BOTÃO: Continuar "
